Tanggal,Redmi,Xiaomi Flagship,POCO,Black Shark,Other,Sumber
2024-01-01,271524,32019,45681,7258,27750,Estimasi berbasis total pengiriman Xiaomi 2024. Distribusi musiman industri. IDC. Canalys.
2024-01-02,271146,31975,45617,7248,27711,Estimasi berbasis total pengiriman Xiaomi 2024. Distribusi musiman industri. IDC. Canalys.
2024-01-03,259722,30628,43695,6942,26544,Estimasi berbasis total pengiriman Xiaomi 2024. Distribusi musiman industri. IDC. Canalys.
2024-01-04,267756,31575,45047,7157,27365,Estimasi berbasis total pengiriman Xiaomi 2024. Distribusi musiman industri. IDC. Canalys.
2024-01-05,261090,30789,43926,6979,26684,Estimasi berbasis total pengiriman Xiaomi 2024. Distribusi musiman industri. IDC. Canalys.
2024-01-06,268909,31711,45241,7188,27483,Estimasi berbasis total pengiriman Xiaomi 2024. Distribusi musiman industri. IDC. Canalys.
2024-01-07,241233,28447,40585,6448,24654,Estimasi berbasis total pengiriman Xiaomi 2024. Distribusi musiman industri. IDC. Canalys.
2024-01-08,263043,31019,44254,7031,26883,Estimasi berbasis total pengiriman Xiaomi 2024. Distribusi musiman industri. IDC. Canalys.
2024-01-09,275886,32534,46415,7374,28196,Estimasi berbasis total pengiriman Xiaomi 2024. Distribusi musiman industri. IDC. Canalys.
2024-01-10,287081,33854,48298,7674,29340,Estimasi berbasis total pengiriman Xiaomi 2024. Distribusi musiman industri. IDC. Canalys.
2024-01-11,286496,33785,48200,7658,29280,Estimasi berbasis total pengiriman Xiaomi 2024. Distribusi musiman industri. IDC. Canalys.
2024-01-12,244625,28847,41155,6539,25001,Estimasi berbasis total pengiriman Xiaomi 2024. Distribusi musiman industri. IDC. Canalys.
2024-01-13,278121,32797,46791,7434,28424,Estimasi berbasis total pengiriman Xiaomi 2024. Distribusi musiman industri. IDC. Canalys.
2024-01-14,253713,29919,42684,6782,25930,Estimasi berbasis total pengiriman Xiaomi 2024. Distribusi musiman industri. IDC. Canalys.
2024-01-15,281258,33167,47319,7518,28745,Estimasi berbasis total pengiriman Xiaomi 2024. Distribusi musiman industri. IDC. Canalys.
2024-01-16,249099,29375,41908,6658,25458,Estimasi berbasis total pengiriman Xiaomi 2024. Distribusi musiman industri. IDC. Canalys.
2024-01-17,290477,34254,48870,7764,29687,Estimasi berbasis total pengiriman Xiaomi 2024. Distribusi musiman industri. IDC. Canalys.
2024-01-18,283454,33426,47688,7577,28969,Estimasi berbasis total pengiriman Xiaomi 2024. Distribusi musiman industri. IDC. Canalys.
2024-01-19,239831,28282,40349,6411,24511,Estimasi berbasis total pengiriman Xiaomi 2024. Distribusi musiman industri. IDC. Canalys.
2024-01-20,267260,31516,44964,7144,27314,Estimasi berbasis total pengiriman Xiaomi 2024. Distribusi musiman industri. IDC. Canalys.
2024-01-21,277153,32683,46628,7408,28325,Estimasi berbasis total pengiriman Xiaomi 2024. Distribusi musiman industri. IDC. Canalys.
2024-01-22,286185,33748,48147,7650,29248,Estimasi berbasis total pengiriman Xiaomi 2024. Distribusi musiman industri. IDC. Canalys.
2024-01-23,238801,28160,40176,6383,24406,Estimasi berbasis total pengiriman Xiaomi 2024. Distribusi musiman industri. IDC. Canalys.
2024-01-24,290003,34198,48790,7752,29639,Estimasi berbasis total pengiriman Xiaomi 2024. Distribusi musiman industri. IDC. Canalys.
2024-01-25,272828,32173,45900,7293,27883,Estimasi berbasis total pengiriman Xiaomi 2024. Distribusi musiman industri. IDC. Canalys.
2024-01-26,253376,29879,42628,6773,25895,Estimasi berbasis total pengiriman Xiaomi 2024. Distribusi musiman industri. IDC. Canalys.
2024-01-27,249504,29423,41976,6669,25500,Estimasi berbasis total pengiriman Xiaomi 2024. Distribusi musiman industri. IDC. Canalys.
2024-01-28,248269,29277,41769,6636,25373,Estimasi berbasis total pengiriman Xiaomi 2024. Distribusi musiman industri. IDC. Canalys.
2024-01-29,275471,32485,46345,7363,28153,Estimasi berbasis total pengiriman Xiaomi 2024. Distribusi musiman industri. IDC. Canalys.
2024-01-30,241500,28479,40630,6455,24682,Estimasi berbasis total pengiriman Xiaomi 2024. Distribusi musiman industri. IDC. Canalys.
2024-01-31,260353,30702,43802,6959,26608,Estimasi berbasis total pengiriman Xiaomi 2024. Distribusi musiman industri. IDC. Canalys.
2024-02-01,270823,31937,45563,7239,27678,Estimasi berbasis total pengiriman Xiaomi 2024. Distribusi musiman industri. IDC. Canalys.
2024-02-02,257722,30392,43359,6889,26339,Estimasi berbasis total pengiriman Xiaomi 2024. Distribusi musiman industri. IDC. Canalys.
2024-02-03,256154,30207,43095,6847,26179,Estimasi berbasis total pengiriman Xiaomi 2024. Distribusi musiman industri. IDC. Canalys.
2024-02-04,282677,33335,47557,7556,28890,Estimasi berbasis total pengiriman Xiaomi 2024. Distribusi musiman industri. IDC. Canalys.
2024-02-05,262807,30991,44214,7025,26859,Estimasi berbasis total pengiriman Xiaomi 2024. Distribusi musiman industri. IDC. Canalys.
2024-02-06,294331,34709,49518,7867,30081,Estimasi berbasis total pengiriman Xiaomi 2024. Distribusi musiman industri. IDC. Canalys.
2024-02-07,269630,31796,45362,7207,27557,Estimasi berbasis total pengiriman Xiaomi 2024. Distribusi musiman industri. IDC. Canalys.
2024-02-08,264411,31181,44484,7068,27023,Estimasi berbasis total pengiriman Xiaomi 2024. Distribusi musiman industri. IDC. Canalys.
2024-02-09,264532,31195,44505,7071,27035,Estimasi berbasis total pengiriman Xiaomi 2024. Distribusi musiman industri. IDC. Canalys.
2024-02-10,254367,29996,42795,6799,25997,Estimasi berbasis total pengiriman Xiaomi 2024. Distribusi musiman industri. IDC. Canalys.
2024-02-11,273237,32221,45969,7304,27925,Estimasi berbasis total pengiriman Xiaomi 2024. Distribusi musiman industri. IDC. Canalys.
2024-02-12,255372,30115,42964,6826,26099,Estimasi berbasis total pengiriman Xiaomi 2024. Distribusi musiman industri. IDC. Canalys.
2024-02-13,254634,30028,42839,6806,26024,Estimasi berbasis total pengiriman Xiaomi 2024. Distribusi musiman industri. IDC. Canalys.
2024-02-14,280210,33044,47142,7490,28638,Estimasi berbasis total pengiriman Xiaomi 2024. Distribusi musiman industri. IDC. Canalys.
2024-02-15,257189,30329,43269,6875,26285,Estimasi berbasis total pengiriman Xiaomi 2024. Distribusi musiman industri. IDC. Canalys.
2024-02-16,265140,31267,44607,7087,27098,Estimasi berbasis total pengiriman Xiaomi 2024. Distribusi musiman industri. IDC. Canalys.
2024-02-17,272259,32106,45805,7277,27825,Estimasi berbasis total pengiriman Xiaomi 2024. Distribusi musiman industri. IDC. Canalys.
2024-02-18,295490,34845,49713,7898,30199,Estimasi berbasis total pengiriman Xiaomi 2024. Distribusi musiman industri. IDC. Canalys.
2024-02-19,284457,33544,47857,7603,29072,Estimasi berbasis total pengiriman Xiaomi 2024. Distribusi musiman industri. IDC. Canalys.
2024-02-20,288498,34021,48537,7711,29485,Estimasi berbasis total pengiriman Xiaomi 2024. Distribusi musiman industri. IDC. Canalys.
2024-02-21,263058,31021,44257,7031,26885,Estimasi berbasis total pengiriman Xiaomi 2024. Distribusi musiman industri. IDC. Canalys.
2024-02-22,282876,33358,47591,7561,28910,Estimasi berbasis total pengiriman Xiaomi 2024. Distribusi musiman industri. IDC. Canalys.
2024-02-23,260376,30705,43805,6960,26611,Estimasi berbasis total pengiriman Xiaomi 2024. Distribusi musiman industri. IDC. Canalys.
2024-02-24,247145,29144,41579,6606,25259,Estimasi berbasis total pengiriman Xiaomi 2024. Distribusi musiman industri. IDC. Canalys.
2024-02-25,277015,32667,46605,7404,28311,Estimasi berbasis total pengiriman Xiaomi 2024. Distribusi musiman industri. IDC. Canalys.
2024-02-26,274709,32395,46217,7343,28076,Estimasi berbasis total pengiriman Xiaomi 2024. Distribusi musiman industri. IDC. Canalys.
2024-02-27,296204,34930,49833,7917,30272,Estimasi berbasis total pengiriman Xiaomi 2024. Distribusi musiman industri. IDC. Canalys.
2024-02-28,248983,29361,41889,6655,25446,Estimasi berbasis total pengiriman Xiaomi 2024. Distribusi musiman industri. IDC. Canalys.
2024-02-29,290207,34222,48824,7757,29659,Estimasi berbasis total pengiriman Xiaomi 2024. Distribusi musiman industri. IDC. Canalys.
2024-03-01,282694,33337,47560,7556,28892,Estimasi berbasis total pengiriman Xiaomi 2024. Distribusi musiman industri. IDC. Canalys.
2024-03-02,320831,37834,53976,8576,32789,Estimasi berbasis total pengiriman Xiaomi 2024. Distribusi musiman industri. IDC. Canalys.
2024-03-03,266380,31413,44816,7120,27224,Estimasi berbasis total pengiriman Xiaomi 2024. Distribusi musiman industri. IDC. Canalys.
2024-03-04,276751,32636,46560,7397,28284,Estimasi berbasis total pengiriman Xiaomi 2024. Distribusi musiman industri. IDC. Canalys.
2024-03-05,298174,35162,50164,7970,30474,Estimasi berbasis total pengiriman Xiaomi 2024. Distribusi musiman industri. IDC. Canalys.
2024-03-06,302588,35683,50907,8088,30925,Estimasi berbasis total pengiriman Xiaomi 2024. Distribusi musiman industri. IDC. Canalys.
2024-03-07,278966,32897,46933,7457,28511,Estimasi berbasis total pengiriman Xiaomi 2024. Distribusi musiman industri. IDC. Canalys.
2024-03-08,319217,37644,53705,8533,32624,Estimasi berbasis total pengiriman Xiaomi 2024. Distribusi musiman industri. IDC. Canalys.
2024-03-09,314189,37051,52859,8398,32111,Estimasi berbasis total pengiriman Xiaomi 2024. Distribusi musiman industri. IDC. Canalys.
2024-03-10,285259,33639,47992,7625,29154,Estimasi berbasis total pengiriman Xiaomi 2024. Distribusi musiman industri. IDC. Canalys.
2024-03-11,278418,32832,46841,7442,28455,Estimasi berbasis total pengiriman Xiaomi 2024. Distribusi musiman industri. IDC. Canalys.
2024-03-12,276482,32604,46515,7390,28257,Estimasi berbasis total pengiriman Xiaomi 2024. Distribusi musiman industri. IDC. Canalys.
2024-03-13,271983,32073,45758,7270,27797,Estimasi berbasis total pengiriman Xiaomi 2024. Distribusi musiman industri. IDC. Canalys.
2024-03-14,282082,33264,47457,7540,28829,Estimasi berbasis total pengiriman Xiaomi 2024. Distribusi musiman industri. IDC. Canalys.
2024-03-15,300963,35491,50634,8045,30759,Estimasi berbasis total pengiriman Xiaomi 2024. Distribusi musiman industri. IDC. Canalys.
2024-03-16,314101,37040,52844,8396,32101,Estimasi berbasis total pengiriman Xiaomi 2024. Distribusi musiman industri. IDC. Canalys.
2024-03-17,269484,31779,45338,7203,27542,Estimasi berbasis total pengiriman Xiaomi 2024. Distribusi musiman industri. IDC. Canalys.
2024-03-18,264378,31177,44479,7067,27020,Estimasi berbasis total pengiriman Xiaomi 2024. Distribusi musiman industri. IDC. Canalys.
2024-03-19,321491,37912,54087,8593,32857,Estimasi berbasis total pengiriman Xiaomi 2024. Distribusi musiman industri. IDC. Canalys.
2024-03-20,295724,34873,49752,7905,30223,Estimasi berbasis total pengiriman Xiaomi 2024. Distribusi musiman industri. IDC. Canalys.
2024-03-21,283943,33484,47770,7590,29019,Estimasi berbasis total pengiriman Xiaomi 2024. Distribusi musiman industri. IDC. Canalys.
2024-03-22,267138,31502,44943,7140,27302,Estimasi berbasis total pengiriman Xiaomi 2024. Distribusi musiman industri. IDC. Canalys.
2024-03-23,321535,37917,54095,8594,32861,Estimasi berbasis total pengiriman Xiaomi 2024. Distribusi musiman industri. IDC. Canalys.
2024-03-24,307066,36211,51660,8208,31382,Estimasi berbasis total pengiriman Xiaomi 2024. Distribusi musiman industri. IDC. Canalys.
2024-03-25,298801,35236,50270,7987,30538,Estimasi berbasis total pengiriman Xiaomi 2024. Distribusi musiman industri. IDC. Canalys.
2024-03-26,297562,35090,50062,7954,30411,Estimasi berbasis total pengiriman Xiaomi 2024. Distribusi musiman industri. IDC. Canalys.
2024-03-27,295247,34817,49672,7892,30175,Estimasi berbasis total pengiriman Xiaomi 2024. Distribusi musiman industri. IDC. Canalys.
2024-03-28,274441,32363,46172,7336,28048,Estimasi berbasis total pengiriman Xiaomi 2024. Distribusi musiman industri. IDC. Canalys.
2024-03-29,283835,33471,47752,7587,29008,Estimasi berbasis total pengiriman Xiaomi 2024. Distribusi musiman industri. IDC. Canalys.
2024-03-30,269822,31819,45395,7212,27576,Estimasi berbasis total pengiriman Xiaomi 2024. Distribusi musiman industri. IDC. Canalys.
2024-03-31,313944,37022,52818,8392,32085,Estimasi berbasis total pengiriman Xiaomi 2024. Distribusi musiman industri. IDC. Canalys.
2024-04-01,283309,33409,47664,7573,28954,Estimasi berbasis total pengiriman Xiaomi 2024. Distribusi musiman industri. IDC. Canalys.
2024-04-02,263940,31125,44405,7055,26975,Estimasi berbasis total pengiriman Xiaomi 2024. Distribusi musiman industri. IDC. Canalys.
2024-04-03,289346,34121,48679,7734,29572,Estimasi berbasis total pengiriman Xiaomi 2024. Distribusi musiman industri. IDC. Canalys.
2024-04-04,272218,32101,45798,7276,27821,Estimasi berbasis total pengiriman Xiaomi 2024. Distribusi musiman industri. IDC. Canalys.
2024-04-05,281265,33168,47320,7518,28746,Estimasi berbasis total pengiriman Xiaomi 2024. Distribusi musiman industri. IDC. Canalys.
2024-04-06,278941,32894,46929,7456,28508,Estimasi berbasis total pengiriman Xiaomi 2024. Distribusi musiman industri. IDC. Canalys.
2024-04-07,280527,33081,47196,7498,28670,Estimasi berbasis total pengiriman Xiaomi 2024. Distribusi musiman industri. IDC. Canalys.
2024-04-08,291851,34416,49101,7801,29828,Estimasi berbasis total pengiriman Xiaomi 2024. Distribusi musiman industri. IDC. Canalys.
2024-04-09,275249,32459,46308,7357,28131,Estimasi berbasis total pengiriman Xiaomi 2024. Distribusi musiman industri. IDC. Canalys.
2024-04-10,274479,32368,46178,7337,28052,Estimasi berbasis total pengiriman Xiaomi 2024. Distribusi musiman industri. IDC. Canalys.
2024-04-11,289795,34174,48755,7746,29617,Estimasi berbasis total pengiriman Xiaomi 2024. Distribusi musiman industri. IDC. Canalys.
2024-04-12,261844,30878,44052,6999,26761,Estimasi berbasis total pengiriman Xiaomi 2024. Distribusi musiman industri. IDC. Canalys.
2024-04-13,313960,37024,52820,8392,32087,Estimasi berbasis total pengiriman Xiaomi 2024. Distribusi musiman industri. IDC. Canalys.
2024-04-14,303638,35806,51084,8116,31032,Estimasi berbasis total pengiriman Xiaomi 2024. Distribusi musiman industri. IDC. Canalys.
2024-04-15,273719,32278,46050,7316,27974,Estimasi berbasis total pengiriman Xiaomi 2024. Distribusi musiman industri. IDC. Canalys.
2024-04-16,311207,36699,52357,8318,31806,Estimasi berbasis total pengiriman Xiaomi 2024. Distribusi musiman industri. IDC. Canalys.
2024-04-17,275291,32464,46315,7358,28135,Estimasi berbasis total pengiriman Xiaomi 2024. Distribusi musiman industri. IDC. Canalys.
2024-04-18,283615,33445,47715,7581,28986,Estimasi berbasis total pengiriman Xiaomi 2024. Distribusi musiman industri. IDC. Canalys.
2024-04-19,259507,30602,43659,6937,26522,Estimasi berbasis total pengiriman Xiaomi 2024. Distribusi musiman industri. IDC. Canalys.
2024-04-20,290126,34213,48811,7755,29651,Estimasi berbasis total pengiriman Xiaomi 2024. Distribusi musiman industri. IDC. Canalys.
2024-04-21,267849,31586,45063,7159,27375,Estimasi berbasis total pengiriman Xiaomi 2024. Distribusi musiman industri. IDC. Canalys.
2024-04-22,287686,33925,48400,7690,29402,Estimasi berbasis total pengiriman Xiaomi 2024. Distribusi musiman industri. IDC. Canalys.
2024-04-23,303528,35793,51065,8113,31021,Estimasi berbasis total pengiriman Xiaomi 2024. Distribusi musiman industri. IDC. Canalys.
2024-04-24,268305,31640,45139,7172,27421,Estimasi berbasis total pengiriman Xiaomi 2024. Distribusi musiman industri. IDC. Canalys.
2024-04-25,277073,32674,46615,7406,28317,Estimasi berbasis total pengiriman Xiaomi 2024. Distribusi musiman industri. IDC. Canalys.
2024-04-26,306798,36179,51615,8201,31355,Estimasi berbasis total pengiriman Xiaomi 2024. Distribusi musiman industri. IDC. Canalys.
2024-04-27,279767,32991,47068,7478,28593,Estimasi berbasis total pengiriman Xiaomi 2024. Distribusi musiman industri. IDC. Canalys.
2024-04-28,297551,35089,50060,7953,30410,Estimasi berbasis total pengiriman Xiaomi 2024. Distribusi musiman industri. IDC. Canalys.
2024-04-29,268547,31668,45180,7178,27446,Estimasi berbasis total pengiriman Xiaomi 2024. Distribusi musiman industri. IDC. Canalys.
2024-04-30,298606,35213,50237,7982,30518,Estimasi berbasis total pengiriman Xiaomi 2024. Distribusi musiman industri. IDC. Canalys.
2024-05-01,310480,36613,52235,8299,31731,Estimasi berbasis total pengiriman Xiaomi 2024. Distribusi musiman industri. IDC. Canalys.
2024-05-02,308985,36437,51983,8259,31579,Estimasi berbasis total pengiriman Xiaomi 2024. Distribusi musiman industri. IDC. Canalys.
2024-05-03,279120,32915,46959,7461,28526,Estimasi berbasis total pengiriman Xiaomi 2024. Distribusi musiman industri. IDC. Canalys.
2024-05-04,303598,35802,51077,8115,31028,Estimasi berbasis total pengiriman Xiaomi 2024. Distribusi musiman industri. IDC. Canalys.
2024-05-05,285877,33712,48096,7641,29217,Estimasi berbasis total pengiriman Xiaomi 2024. Distribusi musiman industri. IDC. Canalys.
2024-05-06,272543,32140,45852,7285,27854,Estimasi berbasis total pengiriman Xiaomi 2024. Distribusi musiman industri. IDC. Canalys.
2024-05-07,282855,33355,47587,7561,28908,Estimasi berbasis total pengiriman Xiaomi 2024. Distribusi musiman industri. IDC. Canalys.
2024-05-08,279897,33007,47090,7482,28606,Estimasi berbasis total pengiriman Xiaomi 2024. Distribusi musiman industri. IDC. Canalys.
2024-05-09,271554,32023,45686,7259,27753,Estimasi berbasis total pengiriman Xiaomi 2024. Distribusi musiman industri. IDC. Canalys.
2024-05-10,286376,33771,48180,7655,29268,Estimasi berbasis total pengiriman Xiaomi 2024. Distribusi musiman industri. IDC. Canalys.
2024-05-11,313583,36979,52757,8382,32049,Estimasi berbasis total pengiriman Xiaomi 2024. Distribusi musiman industri. IDC. Canalys.
2024-05-12,293345,34593,49352,7841,29980,Estimasi berbasis total pengiriman Xiaomi 2024. Distribusi musiman industri. IDC. Canalys.
2024-05-13,272196,32099,45794,7276,27819,Estimasi berbasis total pengiriman Xiaomi 2024. Distribusi musiman industri. IDC. Canalys.
2024-05-14,269767,31812,45385,7211,27571,Estimasi berbasis total pengiriman Xiaomi 2024. Distribusi musiman industri. IDC. Canalys.
2024-05-15,299908,35366,50456,8016,30651,Estimasi berbasis total pengiriman Xiaomi 2024. Distribusi musiman industri. IDC. Canalys.
2024-05-16,269894,31827,45407,7214,27584,Estimasi berbasis total pengiriman Xiaomi 2024. Distribusi musiman industri. IDC. Canalys.
2024-05-17,298530,35204,50224,7980,30510,Estimasi berbasis total pengiriman Xiaomi 2024. Distribusi musiman industri. IDC. Canalys.
2024-05-18,318697,37582,53617,8519,32571,Estimasi berbasis total pengiriman Xiaomi 2024. Distribusi musiman industri. IDC. Canalys.
2024-05-19,323306,38126,54393,8642,33042,Estimasi berbasis total pengiriman Xiaomi 2024. Distribusi musiman industri. IDC. Canalys.
2024-05-20,279390,32947,47004,7468,28554,Estimasi berbasis total pengiriman Xiaomi 2024. Distribusi musiman industri. IDC. Canalys.
2024-05-21,285779,33700,48079,7639,29207,Estimasi berbasis total pengiriman Xiaomi 2024. Distribusi musiman industri. IDC. Canalys.
2024-05-22,298979,35257,50300,7992,30556,Estimasi berbasis total pengiriman Xiaomi 2024. Distribusi musiman industri. IDC. Canalys.
2024-05-23,286787,33819,48249,7666,29310,Estimasi berbasis total pengiriman Xiaomi 2024. Distribusi musiman industri. IDC. Canalys.
2024-05-24,270704,31923,45543,7236,27666,Estimasi berbasis total pengiriman Xiaomi 2024. Distribusi musiman industri. IDC. Canalys.
2024-05-25,289270,34112,48667,7732,29564,Estimasi berbasis total pengiriman Xiaomi 2024. Distribusi musiman industri. IDC. Canalys.
2024-05-26,318634,37575,53607,8517,32565,Estimasi berbasis total pengiriman Xiaomi 2024. Distribusi musiman industri. IDC. Canalys.
2024-05-27,284048,33496,47788,7592,29030,Estimasi berbasis total pengiriman Xiaomi 2024. Distribusi musiman industri. IDC. Canalys.
2024-05-28,318996,37617,53668,8527,32602,Estimasi berbasis total pengiriman Xiaomi 2024. Distribusi musiman industri. IDC. Canalys.
2024-05-29,328620,38752,55287,8784,33585,Estimasi berbasis total pengiriman Xiaomi 2024. Distribusi musiman industri. IDC. Canalys.
2024-05-30,310219,36582,52191,8292,31705,Estimasi berbasis total pengiriman Xiaomi 2024. Distribusi musiman industri. IDC. Canalys.
2024-05-31,295285,34821,49678,7893,30178,Estimasi berbasis total pengiriman Xiaomi 2024. Distribusi musiman industri. IDC. Canalys.
2024-06-01,308149,36338,51843,8237,31493,Estimasi berbasis total pengiriman Xiaomi 2024. Distribusi musiman industri. IDC. Canalys.
2024-06-02,304912,35957,51298,8150,31162,Estimasi berbasis total pengiriman Xiaomi 2024. Distribusi musiman industri. IDC. Canalys.
2024-06-03,265495,31308,44667,7097,27134,Estimasi berbasis total pengiriman Xiaomi 2024. Distribusi musiman industri. IDC. Canalys.
2024-06-04,277250,32695,46644,7411,28335,Estimasi berbasis total pengiriman Xiaomi 2024. Distribusi musiman industri. IDC. Canalys.
2024-06-05,302595,35683,50908,8088,30926,Estimasi berbasis total pengiriman Xiaomi 2024. Distribusi musiman industri. IDC. Canalys.
2024-06-06,266793,31461,44885,7131,27267,Estimasi berbasis total pengiriman Xiaomi 2024. Distribusi musiman industri. IDC. Canalys.
2024-06-07,264953,31244,44575,7082,27079,Estimasi berbasis total pengiriman Xiaomi 2024. Distribusi musiman industri. IDC. Canalys.
2024-06-08,265346,31291,44642,7093,27119,Estimasi berbasis total pengiriman Xiaomi 2024. Distribusi musiman industri. IDC. Canalys.
2024-06-09,276705,32630,46553,7396,28280,Estimasi berbasis total pengiriman Xiaomi 2024. Distribusi musiman industri. IDC. Canalys.
2024-06-10,278997,32901,46938,7457,28514,Estimasi berbasis total pengiriman Xiaomi 2024. Distribusi musiman industri. IDC. Canalys.
2024-06-11,320536,37799,53927,8568,32759,Estimasi berbasis total pengiriman Xiaomi 2024. Distribusi musiman industri. IDC. Canalys.
2024-06-12,308507,36381,51903,8246,31530,Estimasi berbasis total pengiriman Xiaomi 2024. Distribusi musiman industri. IDC. Canalys.
2024-06-13,305299,36002,51363,8161,31202,Estimasi berbasis total pengiriman Xiaomi 2024. Distribusi musiman industri. IDC. Canalys.
2024-06-14,267112,31499,44939,7140,27299,Estimasi berbasis total pengiriman Xiaomi 2024. Distribusi musiman industri. IDC. Canalys.
2024-06-15,265675,31330,44697,7101,27152,Estimasi berbasis total pengiriman Xiaomi 2024. Distribusi musiman industri. IDC. Canalys.
2024-06-16,273712,32277,46049,7316,27974,Estimasi berbasis total pengiriman Xiaomi 2024. Distribusi musiman industri. IDC. Canalys.
2024-06-17,304334,35888,51201,8135,31103,Estimasi berbasis total pengiriman Xiaomi 2024. Distribusi musiman industri. IDC. Canalys.
2024-06-18,286616,33799,48220,7661,29293,Estimasi berbasis total pengiriman Xiaomi 2024. Distribusi musiman industri. IDC. Canalys.
2024-06-19,291384,34361,49022,7789,29780,Estimasi berbasis total pengiriman Xiaomi 2024. Distribusi musiman industri. IDC. Canalys.
2024-06-20,302954,35726,50969,8098,30962,Estimasi berbasis total pengiriman Xiaomi 2024. Distribusi musiman industri. IDC. Canalys.
2024-06-21,283873,33476,47758,7588,29012,Estimasi berbasis total pengiriman Xiaomi 2024. Distribusi musiman industri. IDC. Canalys.
2024-06-22,273251,32223,45972,7304,27927,Estimasi berbasis total pengiriman Xiaomi 2024. Distribusi musiman industri. IDC. Canalys.
2024-06-23,274564,32378,46192,7339,28061,Estimasi berbasis total pengiriman Xiaomi 2024. Distribusi musiman industri. IDC. Canalys.
2024-06-24,279121,32915,46959,7461,28527,Estimasi berbasis total pengiriman Xiaomi 2024. Distribusi musiman industri. IDC. Canalys.
2024-06-25,313291,36945,52708,8374,32019,Estimasi berbasis total pengiriman Xiaomi 2024. Distribusi musiman industri. IDC. Canalys.
2024-06-26,322521,38033,54261,8621,32962,Estimasi berbasis total pengiriman Xiaomi 2024. Distribusi musiman industri. IDC. Canalys.
2024-06-27,270098,31851,45441,7220,27604,Estimasi berbasis total pengiriman Xiaomi 2024. Distribusi musiman industri. IDC. Canalys.
2024-06-28,290239,34226,48830,7758,29663,Estimasi berbasis total pengiriman Xiaomi 2024. Distribusi musiman industri. IDC. Canalys.
2024-06-29,270200,31863,45458,7222,27615,Estimasi berbasis total pengiriman Xiaomi 2024. Distribusi musiman industri. IDC. Canalys.
2024-06-30,303894,35837,51127,8123,31058,Estimasi berbasis total pengiriman Xiaomi 2024. Distribusi musiman industri. IDC. Canalys.
2024-07-01,306039,36090,51488,8180,31278,Estimasi berbasis total pengiriman Xiaomi 2024. Distribusi musiman industri. IDC. Canalys.
2024-07-02,268944,31715,45247,7189,27486,Estimasi berbasis total pengiriman Xiaomi 2024. Distribusi musiman industri. IDC. Canalys.
2024-07-03,294077,34679,49475,7861,30055,Estimasi berbasis total pengiriman Xiaomi 2024. Distribusi musiman industri. IDC. Canalys.
2024-07-04,285152,33626,47974,7622,29143,Estimasi berbasis total pengiriman Xiaomi 2024. Distribusi musiman industri. IDC. Canalys.
2024-07-05,281620,33210,47380,7528,28782,Estimasi berbasis total pengiriman Xiaomi 2024. Distribusi musiman industri. IDC. Canalys.
2024-07-06,276672,32626,46547,7395,28276,Estimasi berbasis total pengiriman Xiaomi 2024. Distribusi musiman industri. IDC. Canalys.
2024-07-07,294740,34757,49587,7878,30123,Estimasi berbasis total pengiriman Xiaomi 2024. Distribusi musiman industri. IDC. Canalys.
2024-07-08,302514,35674,50895,8086,30917,Estimasi berbasis total pengiriman Xiaomi 2024. Distribusi musiman industri. IDC. Canalys.
2024-07-09,282384,33300,47508,7548,28860,Estimasi berbasis total pengiriman Xiaomi 2024. Distribusi musiman industri. IDC. Canalys.
2024-07-10,273743,32281,46054,7317,27977,Estimasi berbasis total pengiriman Xiaomi 2024. Distribusi musiman industri. IDC. Canalys.
2024-07-11,254886,30057,42882,6813,26050,Estimasi berbasis total pengiriman Xiaomi 2024. Distribusi musiman industri. IDC. Canalys.
2024-07-12,287756,33934,48412,7692,29409,Estimasi berbasis total pengiriman Xiaomi 2024. Distribusi musiman industri. IDC. Canalys.
2024-07-13,302372,35657,50871,8082,30903,Estimasi berbasis total pengiriman Xiaomi 2024. Distribusi musiman industri. IDC. Canalys.
2024-07-14,304498,35908,51228,8139,31120,Estimasi berbasis total pengiriman Xiaomi 2024. Distribusi musiman industri. IDC. Canalys.
2024-07-15,270335,31879,45481,7226,27629,Estimasi berbasis total pengiriman Xiaomi 2024. Distribusi musiman industri. IDC. Canalys.
2024-07-16,305513,36027,51399,8166,31224,Estimasi berbasis total pengiriman Xiaomi 2024. Distribusi musiman industri. IDC. Canalys.
2024-07-17,302959,35726,50970,8098,30963,Estimasi berbasis total pengiriman Xiaomi 2024. Distribusi musiman industri. IDC. Canalys.
2024-07-18,288773,34053,48583,7719,29513,Estimasi berbasis total pengiriman Xiaomi 2024. Distribusi musiman industri. IDC. Canalys.
2024-07-19,306019,36087,51484,8180,31276,Estimasi berbasis total pengiriman Xiaomi 2024. Distribusi musiman industri. IDC. Canalys.
2024-07-20,254164,29972,42760,6794,25976,Estimasi berbasis total pengiriman Xiaomi 2024. Distribusi musiman industri. IDC. Canalys.
2024-07-21,296615,34978,49902,7928,30314,Estimasi berbasis total pengiriman Xiaomi 2024. Distribusi musiman industri. IDC. Canalys.
2024-07-22,257954,30419,43398,6895,26363,Estimasi berbasis total pengiriman Xiaomi 2024. Distribusi musiman industri. IDC. Canalys.
2024-07-23,290853,34299,48933,7774,29725,Estimasi berbasis total pengiriman Xiaomi 2024. Distribusi musiman industri. IDC. Canalys.
2024-07-24,254925,30062,42888,6814,26054,Estimasi berbasis total pengiriman Xiaomi 2024. Distribusi musiman industri. IDC. Canalys.
2024-07-25,300915,35485,50626,8043,30754,Estimasi berbasis total pengiriman Xiaomi 2024. Distribusi musiman industri. IDC. Canalys.
2024-07-26,258669,30503,43518,6914,26436,Estimasi berbasis total pengiriman Xiaomi 2024. Distribusi musiman industri. IDC. Canalys.
2024-07-27,271852,32058,45736,7266,27784,Estimasi berbasis total pengiriman Xiaomi 2024. Distribusi musiman industri. IDC. Canalys.
2024-07-28,279480,32958,47019,7470,28563,Estimasi berbasis total pengiriman Xiaomi 2024. Distribusi musiman industri. IDC. Canalys.
2024-07-29,302076,35622,50821,8074,30873,Estimasi berbasis total pengiriman Xiaomi 2024. Distribusi musiman industri. IDC. Canalys.
2024-07-30,284234,33518,47819,7597,29049,Estimasi berbasis total pengiriman Xiaomi 2024. Distribusi musiman industri. IDC. Canalys.
2024-07-31,267687,31567,45035,7155,27358,Estimasi berbasis total pengiriman Xiaomi 2024. Distribusi musiman industri. IDC. Canalys.
2024-08-01,309756,36528,52113,8280,31658,Estimasi berbasis total pengiriman Xiaomi 2024. Distribusi musiman industri. IDC. Canalys.
2024-08-02,300968,35491,50635,8045,30759,Estimasi berbasis total pengiriman Xiaomi 2024. Distribusi musiman industri. IDC. Canalys.
2024-08-03,269738,31809,45380,7210,27568,Estimasi berbasis total pengiriman Xiaomi 2024. Distribusi musiman industri. IDC. Canalys.
2024-08-04,266863,31470,44897,7133,27274,Estimasi berbasis total pengiriman Xiaomi 2024. Distribusi musiman industri. IDC. Canalys.
2024-08-05,260775,30752,43873,6970,26652,Estimasi berbasis total pengiriman Xiaomi 2024. Distribusi musiman industri. IDC. Canalys.
2024-08-06,307865,36305,51795,8229,31464,Estimasi berbasis total pengiriman Xiaomi 2024. Distribusi musiman industri. IDC. Canalys.
2024-08-07,273040,32198,45936,7298,27905,Estimasi berbasis total pengiriman Xiaomi 2024. Distribusi musiman industri. IDC. Canalys.
2024-08-08,279819,32997,47076,7479,28598,Estimasi berbasis total pengiriman Xiaomi 2024. Distribusi musiman industri. IDC. Canalys.
2024-08-09,303325,35769,51031,8108,31000,Estimasi berbasis total pengiriman Xiaomi 2024. Distribusi musiman industri. IDC. Canalys.
2024-08-10,277895,32771,46753,7428,28401,Estimasi berbasis total pengiriman Xiaomi 2024. Distribusi musiman industri. IDC. Canalys.
2024-08-11,302859,35715,50953,8095,30953,Estimasi berbasis total pengiriman Xiaomi 2024. Distribusi musiman industri. IDC. Canalys.
2024-08-12,309141,36455,52010,8263,31595,Estimasi berbasis total pengiriman Xiaomi 2024. Distribusi musiman industri. IDC. Canalys.
2024-08-13,294141,34686,49486,7862,30062,Estimasi berbasis total pengiriman Xiaomi 2024. Distribusi musiman industri. IDC. Canalys.
2024-08-14,260571,30728,43838,6965,26631,Estimasi berbasis total pengiriman Xiaomi 2024. Distribusi musiman industri. IDC. Canalys.
2024-08-15,277771,32756,46732,7425,28389,Estimasi berbasis total pengiriman Xiaomi 2024. Distribusi musiman industri. IDC. Canalys.
2024-08-16,309433,36490,52059,8271,31624,Estimasi berbasis total pengiriman Xiaomi 2024. Distribusi musiman industri. IDC. Canalys.
2024-08-17,279201,32925,46973,7463,28535,Estimasi berbasis total pengiriman Xiaomi 2024. Distribusi musiman industri. IDC. Canalys.
2024-08-18,262425,30946,44150,7015,26820,Estimasi berbasis total pengiriman Xiaomi 2024. Distribusi musiman industri. IDC. Canalys.
2024-08-19,278416,32832,46840,7442,28454,Estimasi berbasis total pengiriman Xiaomi 2024. Distribusi musiman industri. IDC. Canalys.
2024-08-20,260335,30700,43798,6959,26607,Estimasi berbasis total pengiriman Xiaomi 2024. Distribusi musiman industri. IDC. Canalys.
2024-08-21,302416,35662,50878,8083,30907,Estimasi berbasis total pengiriman Xiaomi 2024. Distribusi musiman industri. IDC. Canalys.
2024-08-22,257439,30358,43311,6881,26311,Estimasi berbasis total pengiriman Xiaomi 2024. Distribusi musiman industri. IDC. Canalys.
2024-08-23,260850,30761,43885,6972,26659,Estimasi berbasis total pengiriman Xiaomi 2024. Distribusi musiman industri. IDC. Canalys.
2024-08-24,286550,33791,48209,7659,29286,Estimasi berbasis total pengiriman Xiaomi 2024. Distribusi musiman industri. IDC. Canalys.
2024-08-25,282128,33270,47465,7541,28834,Estimasi berbasis total pengiriman Xiaomi 2024. Distribusi musiman industri. IDC. Canalys.
2024-08-26,256967,30303,43232,6869,26262,Estimasi berbasis total pengiriman Xiaomi 2024. Distribusi musiman industri. IDC. Canalys.
2024-08-27,270927,31949,45581,7242,27689,Estimasi berbasis total pengiriman Xiaomi 2024. Distribusi musiman industri. IDC. Canalys.
2024-08-28,270265,31871,45469,7224,27621,Estimasi berbasis total pengiriman Xiaomi 2024. Distribusi musiman industri. IDC. Canalys.
2024-08-29,276199,32571,46468,7383,28228,Estimasi berbasis total pengiriman Xiaomi 2024. Distribusi musiman industri. IDC. Canalys.
2024-08-30,289473,34136,48701,7737,29585,Estimasi berbasis total pengiriman Xiaomi 2024. Distribusi musiman industri. IDC. Canalys.
2024-08-31,280556,33084,47200,7499,28673,Estimasi berbasis total pengiriman Xiaomi 2024. Distribusi musiman industri. IDC. Canalys.
2024-09-01,324056,38214,54519,8662,33119,Estimasi berbasis total pengiriman Xiaomi 2024. Distribusi musiman industri. IDC. Canalys.
2024-09-02,282528,33317,47532,7552,28875,Estimasi berbasis total pengiriman Xiaomi 2024. Distribusi musiman industri. IDC. Canalys.
2024-09-03,291732,34402,49081,7798,29815,Estimasi berbasis total pengiriman Xiaomi 2024. Distribusi musiman industri. IDC. Canalys.
2024-09-04,294402,34717,49530,7869,30088,Estimasi berbasis total pengiriman Xiaomi 2024. Distribusi musiman industri. IDC. Canalys.
2024-09-05,291879,34420,49105,7802,29830,Estimasi berbasis total pengiriman Xiaomi 2024. Distribusi musiman industri. IDC. Canalys.
2024-09-06,291341,34356,49015,7787,29775,Estimasi berbasis total pengiriman Xiaomi 2024. Distribusi musiman industri. IDC. Canalys.
2024-09-07,327331,38600,55070,8749,33454,Estimasi berbasis total pengiriman Xiaomi 2024. Distribusi musiman industri. IDC. Canalys.
2024-09-08,300970,35492,50635,8045,30760,Estimasi berbasis total pengiriman Xiaomi 2024. Distribusi musiman industri. IDC. Canalys.
2024-09-09,327615,38634,55118,8757,33483,Estimasi berbasis total pengiriman Xiaomi 2024. Distribusi musiman industri. IDC. Canalys.
2024-09-10,291061,34323,48968,7780,29747,Estimasi berbasis total pengiriman Xiaomi 2024. Distribusi musiman industri. IDC. Canalys.
2024-09-11,325110,38338,54696,8690,33227,Estimasi berbasis total pengiriman Xiaomi 2024. Distribusi musiman industri. IDC. Canalys.
2024-09-12,282884,33359,47592,7561,28911,Estimasi berbasis total pengiriman Xiaomi 2024. Distribusi musiman industri. IDC. Canalys.
2024-09-13,288987,34079,48619,7724,29535,Estimasi berbasis total pengiriman Xiaomi 2024. Distribusi musiman industri. IDC. Canalys.
2024-09-14,336386,39668,56593,8991,34379,Estimasi berbasis total pengiriman Xiaomi 2024. Distribusi musiman industri. IDC. Canalys.
2024-09-15,329124,38812,55371,8797,33637,Estimasi berbasis total pengiriman Xiaomi 2024. Distribusi musiman industri. IDC. Canalys.
2024-09-16,302037,35618,50814,8073,30869,Estimasi berbasis total pengiriman Xiaomi 2024. Distribusi musiman industri. IDC. Canalys.
2024-09-17,309980,36554,52151,8286,31680,Estimasi berbasis total pengiriman Xiaomi 2024. Distribusi musiman industri. IDC. Canalys.
2024-09-18,287916,33952,48439,7696,29425,Estimasi berbasis total pengiriman Xiaomi 2024. Distribusi musiman industri. IDC. Canalys.
2024-09-19,289853,34181,48765,7748,29623,Estimasi berbasis total pengiriman Xiaomi 2024. Distribusi musiman industri. IDC. Canalys.
2024-09-20,320390,37782,53902,8564,32744,Estimasi berbasis total pengiriman Xiaomi 2024. Distribusi musiman industri. IDC. Canalys.
2024-09-21,286187,33749,48148,7650,29249,Estimasi berbasis total pengiriman Xiaomi 2024. Distribusi musiman industri. IDC. Canalys.
2024-09-22,291291,34350,49006,7786,29770,Estimasi berbasis total pengiriman Xiaomi 2024. Distribusi musiman industri. IDC. Canalys.
2024-09-23,318381,37545,53564,8510,32539,Estimasi berbasis total pengiriman Xiaomi 2024. Distribusi musiman industri. IDC. Canalys.
2024-09-24,309894,36544,52136,8283,31672,Estimasi berbasis total pengiriman Xiaomi 2024. Distribusi musiman industri. IDC. Canalys.
2024-09-25,312414,36841,52560,8351,31929,Estimasi berbasis total pengiriman Xiaomi 2024. Distribusi musiman industri. IDC. Canalys.
2024-09-26,319164,37637,53696,8531,32619,Estimasi berbasis total pengiriman Xiaomi 2024. Distribusi musiman industri. IDC. Canalys.
2024-09-27,335041,39510,56367,8955,34242,Estimasi berbasis total pengiriman Xiaomi 2024. Distribusi musiman industri. IDC. Canalys.
2024-09-28,291883,34420,49106,7802,29831,Estimasi berbasis total pengiriman Xiaomi 2024. Distribusi musiman industri. IDC. Canalys.
2024-09-29,312234,36820,52530,8346,31911,Estimasi berbasis total pengiriman Xiaomi 2024. Distribusi musiman industri. IDC. Canalys.
2024-09-30,314098,37040,52843,8396,32101,Estimasi berbasis total pengiriman Xiaomi 2024. Distribusi musiman industri. IDC. Canalys.
2024-10-01,320114,37749,53856,8557,32716,Estimasi berbasis total pengiriman Xiaomi 2024. Distribusi musiman industri. IDC. Canalys.
2024-10-02,328805,38774,55318,8789,33604,Estimasi berbasis total pengiriman Xiaomi 2024. Distribusi musiman industri. IDC. Canalys.
2024-10-03,336832,39721,56668,9003,34425,Estimasi berbasis total pengiriman Xiaomi 2024. Distribusi musiman industri. IDC. Canalys.
2024-10-04,307172,36223,51678,8211,31393,Estimasi berbasis total pengiriman Xiaomi 2024. Distribusi musiman industri. IDC. Canalys.
2024-10-05,331500,39092,55771,8861,33880,Estimasi berbasis total pengiriman Xiaomi 2024. Distribusi musiman industri. IDC. Canalys.
2024-10-06,353478,41684,59469,9448,36126,Estimasi berbasis total pengiriman Xiaomi 2024. Distribusi musiman industri. IDC. Canalys.
2024-10-07,306301,36120,51532,8187,31304,Estimasi berbasis total pengiriman Xiaomi 2024. Distribusi musiman industri. IDC. Canalys.
2024-10-08,322945,38083,54332,8632,33005,Estimasi berbasis total pengiriman Xiaomi 2024. Distribusi musiman industri. IDC. Canalys.
2024-10-09,334314,39424,56245,8936,34167,Estimasi berbasis total pengiriman Xiaomi 2024. Distribusi musiman industri. IDC. Canalys.
2024-10-10,301114,35509,50659,8049,30774,Estimasi berbasis total pengiriman Xiaomi 2024. Distribusi musiman industri. IDC. Canalys.
2024-10-11,344061,40573,57885,9197,35164,Estimasi berbasis total pengiriman Xiaomi 2024. Distribusi musiman industri. IDC. Canalys.
2024-10-12,308217,36346,51854,8239,31500,Estimasi berbasis total pengiriman Xiaomi 2024. Distribusi musiman industri. IDC. Canalys.
2024-10-13,350866,41376,59029,9379,35859,Estimasi berbasis total pengiriman Xiaomi 2024. Distribusi musiman industri. IDC. Canalys.
2024-10-14,324714,38292,54629,8679,33186,Estimasi berbasis total pengiriman Xiaomi 2024. Distribusi musiman industri. IDC. Canalys.
2024-10-15,348818,41134,58685,9324,35650,Estimasi berbasis total pengiriman Xiaomi 2024. Distribusi musiman industri. IDC. Canalys.
2024-10-16,354890,41850,59706,9486,36270,Estimasi berbasis total pengiriman Xiaomi 2024. Distribusi musiman industri. IDC. Canalys.
2024-10-17,316823,37361,53302,8469,32380,Estimasi berbasis total pengiriman Xiaomi 2024. Distribusi musiman industri. IDC. Canalys.
2024-10-18,301434,35546,50713,8057,30807,Estimasi berbasis total pengiriman Xiaomi 2024. Distribusi musiman industri. IDC. Canalys.
2024-10-19,311248,36704,52364,8320,31810,Estimasi berbasis total pengiriman Xiaomi 2024. Distribusi musiman industri. IDC. Canalys.
2024-10-20,305431,36018,51385,8164,31215,Estimasi berbasis total pengiriman Xiaomi 2024. Distribusi musiman industri. IDC. Canalys.
2024-10-21,324120,38222,54530,8664,33125,Estimasi berbasis total pengiriman Xiaomi 2024. Distribusi musiman industri. IDC. Canalys.
2024-10-22,335869,39607,56506,8978,34326,Estimasi berbasis total pengiriman Xiaomi 2024. Distribusi musiman industri. IDC. Canalys.
2024-10-23,305851,36067,51456,8175,31258,Estimasi berbasis total pengiriman Xiaomi 2024. Distribusi musiman industri. IDC. Canalys.
2024-10-24,293602,34623,49395,7848,30006,Estimasi berbasis total pengiriman Xiaomi 2024. Distribusi musiman industri. IDC. Canalys.
2024-10-25,327149,38579,55039,8745,33435,Estimasi berbasis total pengiriman Xiaomi 2024. Distribusi musiman industri. IDC. Canalys.
2024-10-26,320030,37739,53841,8554,32707,Estimasi berbasis total pengiriman Xiaomi 2024. Distribusi musiman industri. IDC. Canalys.
2024-10-27,302453,35667,50884,8084,30911,Estimasi berbasis total pengiriman Xiaomi 2024. Distribusi musiman industri. IDC. Canalys.
2024-10-28,302109,35626,50826,8075,30876,Estimasi berbasis total pengiriman Xiaomi 2024. Distribusi musiman industri. IDC. Canalys.
2024-10-29,345736,40771,58166,9241,35335,Estimasi berbasis total pengiriman Xiaomi 2024. Distribusi musiman industri. IDC. Canalys.
2024-10-30,292791,34527,49259,7826,29924,Estimasi berbasis total pengiriman Xiaomi 2024. Distribusi musiman industri. IDC. Canalys.
2024-10-31,301839,35594,50781,8068,30848,Estimasi berbasis total pengiriman Xiaomi 2024. Distribusi musiman industri. IDC. Canalys.
2024-11-01,309810,36534,52122,8281,31663,Estimasi berbasis total pengiriman Xiaomi 2024. Distribusi musiman industri. IDC. Canalys.
2024-11-02,339509,40036,57119,9075,34698,Estimasi berbasis total pengiriman Xiaomi 2024. Distribusi musiman industri. IDC. Canalys.
2024-11-03,297689,35105,50083,7957,30424,Estimasi berbasis total pengiriman Xiaomi 2024. Distribusi musiman industri. IDC. Canalys.
2024-11-04,320188,37758,53868,8558,32724,Estimasi berbasis total pengiriman Xiaomi 2024. Distribusi musiman industri. IDC. Canalys.
2024-11-05,312984,36908,52656,8366,31987,Estimasi berbasis total pengiriman Xiaomi 2024. Distribusi musiman industri. IDC. Canalys.
2024-11-06,302737,35700,50932,8092,30940,Estimasi berbasis total pengiriman Xiaomi 2024. Distribusi musiman industri. IDC. Canalys.
2024-11-07,309315,36476,52039,8268,31612,Estimasi berbasis total pengiriman Xiaomi 2024. Distribusi musiman industri. IDC. Canalys.
2024-11-08,306564,36151,51576,8194,31331,Estimasi berbasis total pengiriman Xiaomi 2024. Distribusi musiman industri. IDC. Canalys.
2024-11-09,316577,37332,53261,8462,32355,Estimasi berbasis total pengiriman Xiaomi 2024. Distribusi musiman industri. IDC. Canalys.
2024-11-10,339103,39989,57050,9064,34657,Estimasi berbasis total pengiriman Xiaomi 2024. Distribusi musiman industri. IDC. Canalys.
2024-11-11,313396,36957,52725,8377,32029,Estimasi berbasis total pengiriman Xiaomi 2024. Distribusi musiman industri. IDC. Canalys.
2024-11-12,318683,37580,53615,8518,32570,Estimasi berbasis total pengiriman Xiaomi 2024. Distribusi musiman industri. IDC. Canalys.
2024-11-13,337753,39829,56823,9028,34519,Estimasi berbasis total pengiriman Xiaomi 2024. Distribusi musiman industri. IDC. Canalys.
2024-11-14,348362,41080,58608,9312,35603,Estimasi berbasis total pengiriman Xiaomi 2024. Distribusi musiman industri. IDC. Canalys.
2024-11-15,341467,40267,57448,9127,34898,Estimasi berbasis total pengiriman Xiaomi 2024. Distribusi musiman industri. IDC. Canalys.
2024-11-16,296849,35006,49942,7935,30338,Estimasi berbasis total pengiriman Xiaomi 2024. Distribusi musiman industri. IDC. Canalys.
2024-11-17,340503,40154,57286,9102,34800,Estimasi berbasis total pengiriman Xiaomi 2024. Distribusi musiman industri. IDC. Canalys.
2024-11-18,347008,40921,58380,9275,35465,Estimasi berbasis total pengiriman Xiaomi 2024. Distribusi musiman industri. IDC. Canalys.
2024-11-19,338810,39954,57001,9056,34627,Estimasi berbasis total pengiriman Xiaomi 2024. Distribusi musiman industri. IDC. Canalys.
2024-11-20,331799,39127,55821,8869,33910,Estimasi berbasis total pengiriman Xiaomi 2024. Distribusi musiman industri. IDC. Canalys.
2024-11-21,344535,40629,57964,9209,35212,Estimasi berbasis total pengiriman Xiaomi 2024. Distribusi musiman industri. IDC. Canalys.
2024-11-22,349819,41252,58853,9351,35752,Estimasi berbasis total pengiriman Xiaomi 2024. Distribusi musiman industri. IDC. Canalys.
2024-11-23,360430,42503,60638,9634,36836,Estimasi berbasis total pengiriman Xiaomi 2024. Distribusi musiman industri. IDC. Canalys.
2024-11-24,333960,39382,56185,8927,34131,Estimasi berbasis total pengiriman Xiaomi 2024. Distribusi musiman industri. IDC. Canalys.
2024-11-25,336588,39692,56627,8997,34400,Estimasi berbasis total pengiriman Xiaomi 2024. Distribusi musiman industri. IDC. Canalys.
2024-11-26,322511,38032,54259,8621,32961,Estimasi berbasis total pengiriman Xiaomi 2024. Distribusi musiman industri. IDC. Canalys.
2024-11-27,316927,37373,53320,8471,32390,Estimasi berbasis total pengiriman Xiaomi 2024. Distribusi musiman industri. IDC. Canalys.
2024-11-28,297466,35079,50045,7951,30401,Estimasi berbasis total pengiriman Xiaomi 2024. Distribusi musiman industri. IDC. Canalys.
2024-11-29,314591,37098,52927,8409,32152,Estimasi berbasis total pengiriman Xiaomi 2024. Distribusi musiman industri. IDC. Canalys.
2024-11-30,336491,39681,56611,8994,34390,Estimasi berbasis total pengiriman Xiaomi 2024. Distribusi musiman industri. IDC. Canalys.
2024-12-01,365920,43151,61562,9781,37397,Estimasi berbasis total pengiriman Xiaomi 2024. Distribusi musiman industri. IDC. Canalys.
2024-12-02,318708,37584,53619,8519,32572,Estimasi berbasis total pengiriman Xiaomi 2024. Distribusi musiman industri. IDC. Canalys.
2024-12-03,363301,42842,61121,9711,37130,Estimasi berbasis total pengiriman Xiaomi 2024. Distribusi musiman industri. IDC. Canalys.
2024-12-04,364307,42961,61291,9738,37233,Estimasi berbasis total pengiriman Xiaomi 2024. Distribusi musiman industri. IDC. Canalys.
2024-12-05,356718,42066,60014,9535,36457,Estimasi berbasis total pengiriman Xiaomi 2024. Distribusi musiman industri. IDC. Canalys.
2024-12-06,333458,39323,56101,8913,34080,Estimasi berbasis total pengiriman Xiaomi 2024. Distribusi musiman industri. IDC. Canalys.
2024-12-07,335428,39555,56432,8966,34281,Estimasi berbasis total pengiriman Xiaomi 2024. Distribusi musiman industri. IDC. Canalys.
2024-12-08,326845,38543,54988,8736,33404,Estimasi berbasis total pengiriman Xiaomi 2024. Distribusi musiman industri. IDC. Canalys.
2024-12-09,364795,43018,61373,9751,37283,Estimasi berbasis total pengiriman Xiaomi 2024. Distribusi musiman industri. IDC. Canalys.
2024-12-10,329561,38863,55445,8809,33682,Estimasi berbasis total pengiriman Xiaomi 2024. Distribusi musiman industri. IDC. Canalys.
2024-12-11,340871,40197,57348,9111,34837,Estimasi berbasis total pengiriman Xiaomi 2024. Distribusi musiman industri. IDC. Canalys.
2024-12-12,323087,38100,54356,8636,33020,Estimasi berbasis total pengiriman Xiaomi 2024. Distribusi musiman industri. IDC. Canalys.
2024-12-13,302960,35726,50970,8098,30963,Estimasi berbasis total pengiriman Xiaomi 2024. Distribusi musiman industri. IDC. Canalys.
2024-12-14,360246,42482,60607,9629,36818,Estimasi berbasis total pengiriman Xiaomi 2024. Distribusi musiman industri. IDC. Canalys.
2024-12-15,327751,38650,55140,8761,33497,Estimasi berbasis total pengiriman Xiaomi 2024. Distribusi musiman industri. IDC. Canalys.
2024-12-16,309534,36502,52076,8274,31635,Estimasi berbasis total pengiriman Xiaomi 2024. Distribusi musiman industri. IDC. Canalys.
2024-12-17,319362,37661,53729,8536,32639,Estimasi berbasis total pengiriman Xiaomi 2024. Distribusi musiman industri. IDC. Canalys.
2024-12-18,361318,42608,60788,9658,36927,Estimasi berbasis total pengiriman Xiaomi 2024. Distribusi musiman industri. IDC. Canalys.
2024-12-19,317399,37429,53399,8484,32439,Estimasi berbasis total pengiriman Xiaomi 2024. Distribusi musiman industri. IDC. Canalys.
2024-12-20,326338,38483,54903,8723,33352,Estimasi berbasis total pengiriman Xiaomi 2024. Distribusi musiman industri. IDC. Canalys.
2024-12-21,353139,41644,59412,9439,36091,Estimasi berbasis total pengiriman Xiaomi 2024. Distribusi musiman industri. IDC. Canalys.
2024-12-22,362456,42742,60979,9688,37043,Estimasi berbasis total pengiriman Xiaomi 2024. Distribusi musiman industri. IDC. Canalys.
2024-12-23,354154,41763,59582,9466,36195,Estimasi berbasis total pengiriman Xiaomi 2024. Distribusi musiman industri. IDC. Canalys.
2024-12-24,324968,38322,54672,8686,33212,Estimasi berbasis total pengiriman Xiaomi 2024. Distribusi musiman industri. IDC. Canalys.
2024-12-25,313321,36948,52713,8375,32022,Estimasi berbasis total pengiriman Xiaomi 2024. Distribusi musiman industri. IDC. Canalys.
2024-12-26,344577,40634,57971,9210,35216,Estimasi berbasis total pengiriman Xiaomi 2024. Distribusi musiman industri. IDC. Canalys.
2024-12-27,321088,37864,54019,8583,32816,Estimasi berbasis total pengiriman Xiaomi 2024. Distribusi musiman industri. IDC. Canalys.
2024-12-28,325093,38336,54693,8690,33225,Estimasi berbasis total pengiriman Xiaomi 2024. Distribusi musiman industri. IDC. Canalys.
2024-12-29,351428,41442,59124,9394,35916,Estimasi berbasis total pengiriman Xiaomi 2024. Distribusi musiman industri. IDC. Canalys.
2024-12-30,313987,37027,52825,8393,32090,Estimasi berbasis total pengiriman Xiaomi 2024. Distribusi musiman industri. IDC. Canalys.
